Day,Code,,,
1-Jan,8357,,,
2-Jan,4448,,,
3-Jan,1654,,,
4-Jan,3323,,,
5-Jan,1385,,,
6-Jan,9236,,,
7-Jan,9952,,,
8-Jan,7260,,,
9-Jan,1861,,,
10-Jan,1363,,,
11-Jan,4150,,,
12-Jan,2842,,,
13-Jan,1735,,,
14-Jan,4721,,,
15-Jan,7539,,,
16-Jan,8737,,,
17-Jan,7030,,,
18-Jan,6343,,,
19-Jan,4655,,,
20-Jan,7317,,,
21-Jan,8802,,,
22-Jan,8029,,,
23-Jan,6547,,,
24-Jan,3810,,,
25-Jan,9333,,,
26-Jan,2395,,,
27-Jan,6190,,,
28-Jan,3728,,,
29-Jan,1971,,,
30-Jan,4027,,,
31-Jan,1168,,,
1-Feb,9802,,,
2-Feb,2680,,,
3-Feb,3351,,,
4-Feb,3034,,,
5-Feb,3026,,,
6-Feb,1380,,,
7-Feb,2689,,,
8-Feb,4501,,,
9-Feb,2107,,,
10-Feb,8678,,,
11-Feb,8986,,,
12-Feb,5438,,,
13-Feb,1535,,,
14-Feb,8720,,,
15-Feb,8388,,,
16-Feb,5942,,,
17-Feb,4897,,,
18-Feb,5351,,,
19-Feb,2314,,,
20-Feb,2397,,,
21-Feb,6259,,,
22-Feb,2213,,,
23-Feb,6768,,,
24-Feb,4825,,,
25-Feb,1816,,,
26-Feb,7019,,,
27-Feb,4014,,,
28-Feb,5025,,,
1-Mar,7326,,,
2-Mar,5846,,,
3-Mar,9932,,,
4-Mar,3494,,,
5-Mar,2180,,,
6-Mar,5569,,,
7-Mar,6067,,,
8-Mar,7074,,,
9-Mar,5155,,,
10-Mar,3967,,,
11-Mar,4784,,,
12-Mar,5143,,,
13-Mar,8151,,,
14-Mar,1161,,,
15-Mar,1379,,,
16-Mar,9680,,,
17-Mar,9684,,,
18-Mar,5506,,,
19-Mar,7958,,,
20-Mar,6688,,,
21-Mar,8883,,,
22-Mar,3517,,,
23-Mar,5373,,,
24-Mar,9086,,,
25-Mar,5192,,,
26-Mar,2465,,,
27-Mar,9721,,,
28-Mar,4612,,,
29-Mar,5542,,,
30-Mar,2584,,,
31-Mar,6914,,,
1-Apr,8851,,,
2-Apr,8310,,,
3-Apr,3523,,,
4-Apr,3294,,,
5-Apr,5465,,,
6-Apr,2887,,,
7-Apr,3538,,,
8-Apr,6252,,,
9-Apr,5772,,,
10-Apr,9524,,,
11-Apr,9166,,,
12-Apr,4250,,,
13-Apr,1074,,,
14-Apr,8775,,,
15-Apr,5049,,,
16-Apr,7484,,,
17-Apr,4267,,,
18-Apr,9146,,,
19-Apr,2920,,,
20-Apr,2428,,,
21-Apr,3509,,,
22-Apr,4260,,,
23-Apr,9546,,,
24-Apr,6023,,,
25-Apr,7561,,,
26-Apr,8606,,,
27-Apr,9135,,,
28-Apr,7384,,,
29-Apr,6420,,,
30-Apr,6726,,,
1-May,6765,,,
2-May,3777,,,
3-May,7969,,,
4-May,2313,,,
5-May,1053,,,
6-May,6603,,,
7-May,6775,,,
8-May,5706,,,
9-May,6532,,,
10-May,5439,,,
11-May,7830,,,
12-May,9984,,,
13-May,7548,,,
14-May,5934,,,
15-May,4942,,,
16-May,3681,,,
17-May,2987,,,
18-May,9139,,,
19-May,9377,,,
20-May,1934,,,
21-May,7266,,,
22-May,6247,,,
23-May,8240,,,
24-May,7269,,,
25-May,8414,,,
26-May,9860,,,
27-May,1257,,,
28-May,3057,,,
29-May,1590,,,
30-May,6879,,,
31-May,9519,,,
1-Jun,3690,,,
2-Jun,8705,,,
3-Jun,5789,,,
4-Jun,8714,,,
5-Jun,4751,,,
6-Jun,2484,,,
7-Jun,5246,,,
8-Jun,8527,,,
9-Jun,9969,,,
10-Jun,5777,,,
11-Jun,4345,,,
12-Jun,1574,,,
13-Jun,6745,,,
14-Jun,9518,,,
15-Jun,3493,,,
16-Jun,9291,,,
17-Jun,3872,,,
18-Jun,8884,,,
19-Jun,9607,,,
20-Jun,4554,,,
21-Jun,3275,,,
22-Jun,1407,,,
23-Jun,6457,,,
24-Jun,3485,,,
25-Jun,6079,,,
26-Jun,4271,,,
27-Jun,2213,,,
28-Jun,9466,,,
29-Jun,5098,,,
30-Jun,6886,,,
1-Jul,2335,,,
2-Jul,8657,,,
3-Jul,9933,,,
4-Jul,4405,,,
5-Jul,6010,,,
6-Jul,5112,,,
7-Jul,1783,,,
8-Jul,5719,,,
9-Jul,4276,,,
10-Jul,4055,,,
11-Jul,6809,,,
12-Jul,3781,,,
13-Jul,4984,,,
14-Jul,7153,,,
15-Jul,6822,,,
16-Jul,9456,,,
17-Jul,8443,,,
18-Jul,8606,,,
19-Jul,8548,,,
20-Jul,9619,,,
21-Jul,9564,,,
22-Jul,1114,,,
23-Jul,1584,,,
24-Jul,8179,,,
25-Jul,1543,,,
26-Jul,5192,,,
27-Jul,9479,,,
28-Jul,2835,,,
29-Jul,9918,,,
30-Jul,2805,,,
31-Jul,8615,,,
1-Aug,6174,,,
2-Aug,7516,,,
3-Aug,1019,,,
4-Aug,3944,,,
5-Aug,6408,,,
6-Aug,6316,,,
7-Aug,3199,,,
8-Aug,4294,,,
9-Aug,7243,,,
10-Aug,9429,,,
11-Aug,3581,,,
12-Aug,6593,,,
13-Aug,8235,,,
14-Aug,1696,,,
15-Aug,2549,,,
16-Aug,6046,,,
17-Aug,8970,,,
18-Aug,7998,,,
19-Aug,6560,,,
20-Aug,5282,,,
21-Aug,8945,,,
22-Aug,7576,,,
23-Aug,2481,,,
24-Aug,8538,,,
25-Aug,8477,,,
26-Aug,9133,,,
27-Aug,3405,,,
28-Aug,7811,,,
29-Aug,1696,,,
30-Aug,4974,,,
31-Aug,3567,,,
1-Sep,2060,,,
2-Sep,7381,,,
3-Sep,8125,,,
4-Sep,8170,,,
5-Sep,7925,,,
6-Sep,4772,,,
7-Sep,7132,,,
8-Sep,6778,,,
9-Sep,3817,,,
10-Sep,8767,,,
11-Sep,1952,,,
12-Sep,4017,,,
13-Sep,6808,,,
14-Sep,2674,,,
15-Sep,9188,,,
16-Sep,5452,,,
17-Sep,1085,,,
18-Sep,7535,,,
19-Sep,7127,,,
20-Sep,7586,,,
21-Sep,6774,,,
22-Sep,7773,,,
23-Sep,9224,,,
24-Sep,8450,,,
25-Sep,5255,,,
26-Sep,8537,,,
27-Sep,5804,,,
28-Sep,9049,,,
29-Sep,7311,,,
30-Sep,4753,,,
1-Oct,1111,,,
2-Oct,1018,,,
3-Oct,7379,,,
4-Oct,9659,,,
5-Oct,7808,,,
6-Oct,8380,,,
7-Oct,8664,,,
8-Oct,8862,,,
9-Oct,2303,,,
10-Oct,2368,,,
11-Oct,2584,,,
12-Oct,9707,,,
13-Oct,1444,,,
14-Oct,2381,,,
15-Oct,6105,,,
16-Oct,1333,,,
17-Oct,9280,,,
18-Oct,1961,,,
19-Oct,1283,,,
20-Oct,5987,,,
21-Oct,8955,,,
22-Oct,4599,,,
23-Oct,7975,,,
24-Oct,8475,,,
25-Oct,6502,,,
26-Oct,1813,,,
27-Oct,8054,,,
28-Oct,7419,,,
29-Oct,9524,,,
30-Oct,5969,,,
31-Oct,7265,,,
1-Nov,4806,,,
2-Nov,3434,,,
3-Nov,9067,,,
4-Nov,3966,,,
5-Nov,2183,,,
6-Nov,7220,,,
7-Nov,5743,,,
8-Nov,7654,,,
9-Nov,4864,,,
10-Nov,3056,,,
11-Nov,3036,,,
12-Nov,7434,,,
13-Nov,1322,,,
14-Nov,1570,,,
15-Nov,1102,,,
16-Nov,4264,,,
17-Nov,8489,,,
18-Nov,2470,,,
19-Nov,1746,,,
20-Nov,1015,,,
21-Nov,2181,,,
22-Nov,3147,,,
23-Nov,4269,,,
24-Nov,3839,,,
25-Nov,1292,,,
26-Nov,9710,,,
27-Nov,6852,,,
28-Nov,8782,,,
29-Nov,1705,,,
30-Nov,5985,,,
1-Dec,9057,,,
2-Dec,6602,,,
3-Dec,8536,,,
4-Dec,5860,,,
5-Dec,3828,,,
6-Dec,5164,,,
7-Dec,8908,,,
8-Dec,5530,,,
9-Dec,5364,,,
10-Dec,2906,,,
11-Dec,5746,,,
12-Dec,6412,,,
13-Dec,8110,,,
14-Dec,2422,,,
15-Dec,9973,,,
16-Dec,3442,,,
17-Dec,4095,,,
18-Dec,5986,,,
19-Dec,1434,,,
20-Dec,7193,,,
21-Dec,9799,,,
22-Dec,7454,,,
23-Dec,9494,,,
24-Dec,7155,,,
25-Dec,6845,,,
26-Dec,5137,,,
27-Dec,9243,,,
28-Dec,5329,,,
29-Dec,5336,,,
30-Dec,1532,,,
31-Dec,3021,,,